 ,Area,XM,YM,Major,Minor,Angle,Circ.,Slice,AR,Round,Solidity
1,0.185,3.051,0.756,0.510,0.461,178.026,0.776,1,1.106,0.904,0.947
2,0.183,9.057,0.581,0.486,0.480,23.755,0.745,1,1.013,0.987,0.925
3,0.181,3.054,0.820,0.496,0.466,2.681,0.776,2,1.065,0.939,0.934
4,0.177,9.059,0.608,0.502,0.450,3.837,0.702,2,1.115,0.896,0.921
5,0.194,3.055,0.861,0.538,0.459,84.037,0.718,3,1.172,0.853,0.942
6,0.186,9.059,0.657,0.502,0.473,92.382,0.613,3,1.062,0.941,0.929
7,0.194,3.059,0.911,0.533,0.463,88.588,0.895,4,1.150,0.870,0.963
8,0.192,9.060,0.683,0.528,0.464,94.611,0.813,4,1.137,0.879,0.953
9,0.174,3.056,0.961,0.498,0.445,0.206,0.892,5,1.119,0.894,0.958
10,0.179,9.058,0.750,0.489,0.467,164.623,0.821,5,1.046,0.956,0.941
11,0.177,3.065,1.005,0.500,0.450,4.111,0.892,6,1.110,0.901,0.960
12,0.172,9.060,0.783,0.489,0.447,174.239,0.672,6,1.093,0.915,0.951
13,0.187,3.065,1.058,0.513,0.465,88.148,0.920,7,1.103,0.906,0.969
14,0.182,9.061,0.834,0.501,0.463,97.834,0.823,7,1.082,0.924,0.956
15,0.189,3.061,1.092,0.521,0.463,89.131,0.905,8,1.127,0.887,0.965
16,0.186,9.057,0.875,0.515,0.458,93.073,0.868,8,1.124,0.890,0.957
17,0.178,3.065,1.146,0.495,0.458,1.637,0.845,9,1.080,0.926,0.959
18,0.178,9.057,0.919,0.488,0.464,178.547,0.873,9,1.052,0.950,0.960
19,0.175,3.064,1.181,0.504,0.442,0.029,0.887,10,1.141,0.877,0.957
20,0.173,9.055,0.960,0.494,0.445,178.439,0.906,10,1.112,0.900,0.963
21,0.187,3.068,1.233,0.508,0.469,89.035,0.905,11,1.083,0.923,0.967
22,0.181,9.056,1.002,0.493,0.467,97.726,0.911,11,1.056,0.947,0.965
23,0.191,3.067,1.269,0.528,0.460,89.257,0.891,12,1.147,0.872,0.963
24,0.185,9.051,1.036,0.511,0.460,91.889,0.904,12,1.109,0.902,0.961
25,0.179,3.066,1.315,0.495,0.460,4.714,0.897,13,1.076,0.929,0.959
26,0.177,9.049,1.079,0.488,0.461,176.175,0.898,13,1.059,0.944,0.962
27,0.174,3.066,1.351,0.503,0.441,1.596,0.907,14,1.141,0.877,0.969
28,0.172,9.046,1.113,0.491,0.447,178.495,0.920,14,1.099,0.910,0.966
29,0.188,3.066,1.399,0.508,0.470,90.275,0.903,15,1.082,0.924,0.965
30,0.181,9.045,1.152,0.494,0.467,95.826,0.897,15,1.058,0.945,0.960
31,0.191,3.066,1.435,0.528,0.460,90.079,0.859,16,1.148,0.871,0.960
32,0.184,9.042,1.184,0.503,0.464,91.362,0.899,16,1.084,0.923,0.960
33,0.177,3.065,1.480,0.488,0.462,6.593,0.901,17,1.057,0.946,0.961
34,0.174,9.041,1.223,0.488,0.455,1.077,0.923,17,1.073,0.932,0.968
35,0.175,3.066,1.518,0.505,0.442,1.111,0.891,18,1.143,0.875,0.959
36,0.173,9.039,1.257,0.489,0.451,0.575,0.918,18,1.085,0.922,0.966
37,0.187,3.067,1.559,0.505,0.472,89.626,0.905,19,1.069,0.935,0.965
38,0.182,9.038,1.294,0.498,0.466,100.481,0.886,19,1.068,0.936,0.964
39,0.191,3.069,1.594,0.527,0.461,89.886,0.895,20,1.143,0.875,0.960
40,0.185,9.034,1.325,0.502,0.469,91.940,0.906,20,1.071,0.933,0.966
41,0.181,3.068,1.635,0.491,0.470,0.918,0.905,21,1.046,0.956,0.967
42,0.175,9.034,1.360,0.492,0.454,177.166,0.921,21,1.085,0.922,0.966
43,0.175,3.071,1.673,0.505,0.442,179.751,0.883,22,1.143,0.875,0.961
44,0.175,9.032,1.392,0.491,0.453,176.162,0.906,22,1.084,0.923,0.963
45,0.184,3.069,1.711,0.500,0.469,86.785,0.880,23,1.066,0.938,0.963
46,0.183,9.030,1.426,0.501,0.465,94.551,0.905,23,1.079,0.927,0.963
47,0.191,3.070,1.750,0.529,0.459,91.673,0.868,24,1.152,0.868,0.963
48,0.183,9.027,1.456,0.501,0.466,95.198,0.919,24,1.075,0.930,0.968
49,0.181,3.070,1.784,0.484,0.477,31.867,0.891,25,1.014,0.986,0.961
50,0.176,9.025,1.489,0.492,0.455,178.375,0.880,25,1.082,0.924,0.961
51,0.176,3.070,1.825,0.506,0.442,3.200,0.886,26,1.145,0.873,0.963
52,0.174,9.023,1.520,0.490,0.453,179.781,0.887,26,1.082,0.924,0.959
53,0.186,3.069,1.857,0.495,0.478,89.492,0.895,27,1.036,0.965,0.963
54,0.185,9.021,1.550,0.505,0.466,97.598,0.915,27,1.083,0.923,0.967
55,0.188,3.073,1.896,0.523,0.458,89.416,0.882,28,1.144,0.874,0.960
56,0.185,9.020,1.580,0.500,0.470,93.160,0.911,28,1.064,0.940,0.964
57,0.182,3.072,1.926,0.484,0.480,42.749,0.885,29,1.008,0.992,0.960
58,0.175,9.019,1.608,0.489,0.457,177.509,0.907,29,1.070,0.935,0.965
59,0.174,3.073,1.964,0.506,0.439,3.147,0.916,30,1.151,0.869,0.967
60,0.175,9.015,1.636,0.486,0.458,176.267,0.910,30,1.062,0.942,0.963
61,0.183,3.073,1.993,0.488,0.478,80.913,0.918,31,1.021,0.980,0.964
62,0.186,9.014,1.664,0.506,0.468,96.958,0.912,31,1.081,0.925,0.965
63,0.191,3.076,2.033,0.525,0.463,88.218,0.903,32,1.134,0.881,0.965
64,0.182,9.010,1.694,0.493,0.471,96.440,0.892,32,1.048,0.955,0.964
65,0.183,3.074,2.062,0.488,0.477,57.487,0.892,33,1.023,0.977,0.961
66,0.174,9.010,1.721,0.490,0.452,178.824,0.922,33,1.085,0.921,0.966
67,0.175,3.076,2.098,0.504,0.442,2.007,0.900,34,1.140,0.877,0.962
68,0.175,9.006,1.747,0.486,0.458,175.976,0.916,34,1.061,0.942,0.968
69,0.183,3.075,2.127,0.490,0.475,79.080,0.902,35,1.033,0.968,0.966
70,0.185,9.005,1.772,0.506,0.465,95.921,0.921,35,1.088,0.919,0.970
71,0.188,3.080,2.165,0.526,0.456,89.033,0.900,36,1.152,0.868,0.961
72,0.181,9.003,1.801,0.489,0.472,104.124,0.925,36,1.037,0.965,0.969
73,0.182,3.079,2.196,0.485,0.478,68.051,0.916,37,1.016,0.985,0.968
74,0.174,9.001,1.824,0.492,0.449,176.899,0.901,37,1.095,0.913,0.961
75,0.174,3.080,2.231,0.497,0.446,5.430,0.903,38,1.116,0.896,0.961
76,0.176,8.998,1.851,0.483,0.464,177.488,0.889,38,1.042,0.959,0.958
77,0.182,3.080,2.258,0.484,0.480,101.845,0.890,39,1.008,0.992,0.962
78,0.186,8.997,1.875,0.507,0.467,95.066,0.902,39,1.087,0.920,0.963
79,0.188,3.082,2.292,0.521,0.460,90.890,0.883,40,1.133,0.883,0.963
80,0.183,8.994,1.900,0.490,0.474,92.660,0.883,40,1.033,0.968,0.960
81,0.183,3.082,2.324,0.486,0.479,75.266,0.919,41,1.015,0.986,0.964
82,0.174,8.993,1.924,0.491,0.453,179.824,0.905,41,1.084,0.922,0.963
83,0.173,3.085,2.355,0.498,0.443,0.600,0.910,42,1.123,0.891,0.964
84,0.175,8.989,1.949,0.483,0.463,1.845,0.900,42,1.043,0.959,0.964
85,0.180,3.084,2.385,0.484,0.473,2.367,0.888,43,1.024,0.977,0.957
86,0.186,8.988,1.968,0.506,0.468,94.541,0.913,43,1.080,0.926,0.966
87,0.188,3.086,2.414,0.520,0.460,91.361,0.874,44,1.130,0.885,0.962
88,0.181,8.985,1.994,0.488,0.473,104.361,0.888,44,1.031,0.970,0.960
89,0.184,3.086,2.449,0.493,0.475,79.521,0.890,45,1.037,0.964,0.961
90,0.174,8.981,2.018,0.494,0.448,178.339,0.914,45,1.103,0.907,0.966
91,0.174,3.087,2.475,0.497,0.446,5.538,0.913,46,1.114,0.898,0.965
92,0.177,8.980,2.040,0.482,0.468,177.877,0.894,46,1.031,0.970,0.960
93,0.179,3.089,2.507,0.486,0.469,8.271,0.912,47,1.037,0.964,0.964
94,0.186,8.978,2.060,0.507,0.466,96.083,0.894,47,1.086,0.921,0.960
95,0.187,3.088,2.533,0.517,0.461,88.585,0.902,48,1.121,0.892,0.960
96,0.183,8.974,2.085,0.489,0.477,104.415,0.913,48,1.025,0.976,0.965
97,0.184,3.090,2.567,0.499,0.468,79.317,0.909,49,1.065,0.939,0.962
98,0.174,8.971,2.105,0.494,0.449,176.013,0.923,49,1.099,0.910,0.970
99,0.175,3.091,2.592,0.497,0.450,4.667,0.882,50,1.104,0.906,0.955
100,0.178,8.970,2.128,0.480,0.471,164.345,0.876,50,1.020,0.981,0.955
101,0.179,3.093,2.624,0.489,0.467,6.518,0.901,51,1.047,0.955,0.960
102,0.186,8.967,2.145,0.507,0.467,93.178,0.906,51,1.085,0.921,0.966
103,0.186,3.092,2.648,0.511,0.464,86.825,0.921,52,1.101,0.908,0.969
104,0.182,8.963,2.170,0.484,0.479,136.403,0.911,52,1.011,0.989,0.964
105,0.183,3.095,2.681,0.494,0.472,86.186,0.923,53,1.046,0.956,0.966
106,0.175,8.961,2.189,0.495,0.450,0.501,0.900,53,1.099,0.910,0.960
107,0.175,3.095,2.705,0.496,0.449,5.671,0.891,54,1.104,0.906,0.961
108,0.180,8.959,2.210,0.482,0.475,158.559,0.873,54,1.013,0.987,0.960
109,0.178,3.097,2.737,0.489,0.464,4.486,0.914,55,1.052,0.950,0.962
110,0.187,8.955,2.227,0.509,0.468,93.475,0.908,55,1.086,0.921,0.964
111,0.187,3.097,2.760,0.512,0.465,89.025,0.898,56,1.100,0.909,0.963
112,0.181,8.952,2.250,0.483,0.478,137.129,0.915,56,1.012,0.988,0.967
113,0.184,3.099,2.792,0.497,0.472,86.742,0.911,57,1.053,0.950,0.966
114,0.173,8.949,2.269,0.491,0.449,178.070,0.917,57,1.094,0.914,0.967
115,0.177,3.098,2.816,0.498,0.452,6.765,0.909,58,1.102,0.907,0.964
116,0.179,8.948,2.288,0.480,0.475,167.644,0.920,58,1.011,0.989,0.969
117,0.176,3.100,2.844,0.491,0.458,2.879,0.905,59,1.071,0.933,0.962
118,0.187,8.945,2.306,0.507,0.469,95.331,0.917,59,1.080,0.926,0.969
119,0.186,3.100,2.870,0.507,0.468,89.271,0.904,60,1.084,0.922,0.963
120,0.181,8.942,2.325,0.484,0.477,147.950,0.915,60,1.013,0.987,0.966
121,0.183,3.102,2.898,0.498,0.467,89.182,0.905,61,1.066,0.938,0.961
122,0.175,8.938,2.342,0.490,0.454,179.281,0.896,61,1.081,0.925,0.962
123,0.176,3.101,2.925,0.493,0.455,5.179,0.893,62,1.085,0.922,0.960
124,0.180,8.936,2.362,0.480,0.476,59.797,0.921,62,1.008,0.992,0.968
125,0.176,3.104,2.951,0.492,0.456,2.135,0.911,63,1.079,0.926,0.962
126,0.187,8.933,2.376,0.507,0.469,89.924,0.914,63,1.081,0.925,0.967
127,0.184,3.105,2.976,0.504,0.465,87.809,0.902,64,1.083,0.923,0.963
128,0.180,8.930,2.397,0.479,0.477,172.959,0.914,64,1.005,0.995,0.966
129,0.185,3.105,3.004,0.503,0.468,87.925,0.905,65,1.076,0.929,0.963
130,0.174,8.927,2.413,0.493,0.450,178.618,0.894,65,1.094,0.914,0.962
131,0.175,3.105,3.031,0.488,0.456,4.285,0.885,66,1.070,0.934,0.962
132,0.180,8.925,2.428,0.483,0.474,113.855,0.907,66,1.019,0.981,0.963
133,0.172,3.105,3.056,0.486,0.452,5.923,0.902,67,1.075,0.930,0.962
134,0.186,8.921,2.444,0.505,0.469,100.843,0.876,67,1.079,0.927,0.960
135,0.184,3.108,3.083,0.501,0.467,84.695,0.909,68,1.071,0.933,0.966
136,0.180,8.917,2.464,0.482,0.474,167.932,0.900,68,1.017,0.983,0.968
137,0.185,3.109,3.106,0.506,0.466,88.077,0.907,69,1.086,0.921,0.964
138,0.174,8.912,2.478,0.488,0.454,176.994,0.884,69,1.075,0.930,0.961
139,0.178,3.112,3.135,0.489,0.463,4.652,0.915,70,1.058,0.945,0.966
140,0.179,8.911,2.494,0.482,0.473,104.866,0.914,70,1.020,0.980,0.965
141,0.175,3.112,3.157,0.492,0.453,4.904,0.908,71,1.086,0.921,0.962
142,0.187,8.909,2.508,0.507,0.469,95.328,0.913,71,1.080,0.926,0.966
143,0.184,3.113,3.186,0.499,0.469,86.653,0.879,72,1.065,0.939,0.958
144,0.180,8.907,2.526,0.484,0.475,155.534,0.903,72,1.019,0.981,0.962
145,0.186,3.115,3.208,0.508,0.466,90.945,0.909,73,1.090,0.918,0.963
146,0.176,8.902,2.540,0.492,0.456,3.748,0.900,73,1.079,0.926,0.963
147,0.177,3.116,3.238,0.488,0.462,8.121,0.911,74,1.058,0.946,0.963
148,0.182,8.901,2.556,0.484,0.478,106.100,0.910,74,1.013,0.987,0.966
149,0.175,3.117,3.259,0.494,0.450,7.911,0.895,75,1.098,0.911,0.957
150,0.186,8.896,2.569,0.501,0.473,92.484,0.904,75,1.058,0.945,0.961
151,0.184,3.119,3.287,0.495,0.474,89.474,0.902,76,1.045,0.957,0.963
152,0.180,8.895,2.585,0.484,0.474,2.001,0.928,76,1.022,0.979,0.968
153,0.186,3.118,3.308,0.507,0.466,88.399,0.898,77,1.087,0.920,0.964
154,0.176,8.890,2.599,0.492,0.455,1.931,0.913,77,1.081,0.925,0.966
155,0.178,3.120,3.334,0.489,0.463,1.970,0.895,78,1.057,0.946,0.963
156,0.182,8.888,2.613,0.487,0.476,109.185,0.898,78,1.021,0.979,0.962
157,0.174,3.123,3.357,0.496,0.446,178.120,0.903,79,1.112,0.899,0.962
158,0.186,8.885,2.625,0.504,0.469,94.697,0.918,79,1.074,0.931,0.966
159,0.184,3.125,3.383,0.492,0.476,83.080,0.910,80,1.034,0.967,0.966
160,0.180,8.881,2.640,0.487,0.472,3.385,0.907,80,1.033,0.968,0.964
161,0.185,3.126,3.405,0.507,0.464,88.262,0.895,81,1.092,0.916,0.963
162,0.177,8.879,2.654,0.493,0.457,1.911,0.907,81,1.080,0.926,0.963
163,0.178,3.126,3.430,0.489,0.465,6.179,0.916,82,1.051,0.952,0.967
164,0.184,8.876,2.666,0.489,0.479,108.196,0.892,82,1.022,0.979,0.961
165,0.175,3.128,3.450,0.495,0.451,2.409,0.903,83,1.096,0.912,0.963
166,0.188,8.874,2.678,0.500,0.477,95.582,0.911,83,1.048,0.954,0.965
167,0.183,3.129,3.475,0.487,0.477,83.668,0.908,84,1.020,0.980,0.962
168,0.181,8.869,2.692,0.490,0.470,0.795,0.920,84,1.042,0.959,0.968
169,0.185,3.130,3.499,0.505,0.466,91.077,0.894,85,1.083,0.924,0.961
170,0.178,8.867,2.704,0.493,0.459,2.837,0.903,85,1.074,0.931,0.962
171,0.179,3.131,3.523,0.486,0.469,7.874,0.891,86,1.037,0.964,0.961
172,0.183,8.861,2.716,0.491,0.475,98.397,0.926,86,1.034,0.967,0.970
173,0.175,3.135,3.547,0.496,0.450,3.313,0.918,87,1.101,0.908,0.966
174,0.186,8.859,2.727,0.496,0.476,93.516,0.918,87,1.043,0.959,0.968
175,0.183,3.135,3.569,0.487,0.478,85.149,0.912,88,1.017,0.983,0.963
176,0.180,8.857,2.740,0.489,0.469,2.689,0.916,88,1.043,0.959,0.967
177,0.186,3.137,3.593,0.507,0.467,88.133,0.885,89,1.087,0.920,0.958
178,0.178,8.853,2.752,0.491,0.462,1.372,0.914,89,1.063,0.940,0.963
179,0.180,3.139,3.615,0.484,0.474,15.396,0.899,90,1.019,0.981,0.958
180,0.184,8.851,2.763,0.491,0.478,93.854,0.902,90,1.026,0.975,0.965
181,0.176,3.141,3.640,0.497,0.451,2.333,0.910,91,1.102,0.907,0.966
182,0.186,8.848,2.773,0.500,0.475,93.824,0.916,91,1.055,0.948,0.968
183,0.182,3.145,3.661,0.486,0.477,56.153,0.900,92,1.018,0.982,0.966
184,0.182,8.846,2.786,0.492,0.470,1.398,0.896,92,1.046,0.956,0.962
185,0.187,3.145,3.686,0.510,0.467,88.626,0.904,93,1.092,0.916,0.963
186,0.179,8.843,2.796,0.492,0.463,176.076,0.920,93,1.063,0.941,0.968
187,0.181,3.147,3.708,0.484,0.477,28.904,0.897,94,1.013,0.987,0.963
188,0.186,8.841,2.806,0.496,0.477,93.969,0.891,94,1.040,0.961,0.963
189,0.177,3.149,3.732,0.498,0.452,4.658,0.897,95,1.100,0.909,0.963
190,0.186,8.837,2.815,0.496,0.478,89.118,0.911,95,1.039,0.963,0.965
191,0.180,3.152,3.751,0.479,0.479,22.313,0.918,96,1.001,0.999,0.962
192,0.180,8.835,2.826,0.489,0.469,175.126,0.925,96,1.042,0.960,0.968
193,0.187,3.154,3.776,0.505,0.470,90.336,0.906,97,1.074,0.931,0.963
194,0.181,8.833,2.837,0.493,0.466,177.089,0.915,97,1.057,0.946,0.968
195,0.181,3.156,3.798,0.485,0.474,179.209,0.915,98,1.022,0.978,0.966
196,0.186,8.830,2.845,0.493,0.481,93.039,0.913,98,1.025,0.976,0.967
197,0.177,3.159,3.820,0.501,0.451,3.566,0.892,99,1.111,0.900,0.961
198,0.189,8.828,2.853,0.502,0.479,98.418,0.916,99,1.049,0.953,0.968
199,0.182,3.162,3.840,0.485,0.478,173.711,0.899,100,1.014,0.986,0.958
200,0.183,8.826,2.864,0.492,0.472,176.879,0.911,100,1.041,0.960,0.966
201,0.188,3.165,3.863,0.508,0.471,87.960,0.899,101,1.079,0.927,0.965
202,0.181,8.822,2.872,0.490,0.469,178.970,0.911,101,1.045,0.957,0.965
203,0.181,3.165,3.885,0.481,0.480,42.870,0.898,102,1.003,0.997,0.959
204,0.186,8.819,2.881,0.498,0.476,97.451,0.905,102,1.046,0.956,0.964
205,0.178,3.168,3.909,0.499,0.454,2.948,0.899,103,1.098,0.911,0.961
206,0.187,8.816,2.889,0.496,0.480,97.099,0.917,103,1.034,0.967,0.968
207,0.182,3.171,3.927,0.485,0.477,176.468,0.883,104,1.016,0.984,0.956
208,0.181,8.812,2.898,0.491,0.469,175.515,0.913,104,1.048,0.954,0.966
209,0.188,3.173,3.950,0.504,0.474,91.320,0.887,105,1.062,0.942,0.962
210,0.183,8.810,2.907,0.490,0.475,178.850,0.883,105,1.031,0.970,0.957
211,0.183,3.175,3.972,0.487,0.479,65.759,0.897,106,1.016,0.984,0.964
212,0.187,8.808,2.914,0.497,0.479,99.364,0.901,106,1.037,0.965,0.967
213,0.177,3.177,3.994,0.498,0.452,4.152,0.903,107,1.103,0.907,0.962
214,0.188,8.804,2.922,0.494,0.483,100.725,0.911,107,1.022,0.978,0.964
215,0.181,3.180,4.014,0.483,0.476,6.641,0.912,108,1.016,0.985,0.965
216,0.182,8.802,2.932,0.492,0.471,2.607,0.914,108,1.045,0.957,0.965
217,0.185,3.182,4.035,0.503,0.468,88.998,0.909,109,1.074,0.932,0.965
218,0.181,8.799,2.938,0.487,0.472,3.145,0.909,109,1.032,0.969,0.964
219,0.183,3.184,4.057,0.485,0.480,105.025,0.900,110,1.011,0.990,0.963
220,0.187,8.796,2.945,0.498,0.478,92.992,0.912,110,1.042,0.959,0.965
221,0.177,3.186,4.077,0.495,0.455,4.030,0.898,111,1.088,0.919,0.963
222,0.187,8.793,2.953,0.493,0.484,93.292,0.900,111,1.017,0.983,0.961
223,0.180,3.188,4.099,0.487,0.470,12.385,0.862,112,1.037,0.965,0.956
224,0.182,8.790,2.960,0.494,0.468,2.986,0.879,112,1.055,0.948,0.960
225,0.185,3.191,4.119,0.500,0.472,83.982,0.896,113,1.059,0.945,0.958
226,0.183,8.787,2.966,0.489,0.476,7.979,0.914,113,1.028,0.973,0.966
227,0.183,3.193,4.140,0.487,0.478,79.570,0.905,114,1.018,0.982,0.961
228,0.188,8.785,2.971,0.500,0.480,96.647,0.914,114,1.041,0.960,0.966
229,0.176,3.196,4.160,0.496,0.452,5.311,0.925,115,1.096,0.912,0.968
230,0.187,8.781,2.978,0.491,0.485,107.682,0.916,115,1.014,0.986,0.965
231,0.180,3.199,4.182,0.489,0.467,11.034,0.872,116,1.047,0.956,0.959
232,0.181,8.779,2.985,0.491,0.469,178.621,0.922,116,1.047,0.955,0.969
233,0.184,3.201,4.200,0.497,0.472,86.639,0.909,117,1.053,0.950,0.962
234,0.183,8.775,2.991,0.488,0.479,168.669,0.905,117,1.019,0.982,0.963
235,0.183,3.204,4.221,0.489,0.476,72.620,0.911,118,1.027,0.974,0.965
236,0.188,8.772,2.996,0.498,0.481,94.146,0.904,118,1.036,0.965,0.965
237,0.178,3.205,4.241,0.494,0.457,4.109,0.921,119,1.080,0.926,0.969
238,0.187,8.770,3.001,0.490,0.485,94.074,0.914,119,1.011,0.989,0.968
239,0.180,3.209,4.261,0.487,0.470,3.643,0.911,120,1.036,0.965,0.962
240,0.181,8.766,3.009,0.492,0.469,178.873,0.895,120,1.050,0.952,0.960
241,0.185,3.210,4.281,0.498,0.473,88.510,0.889,121,1.053,0.950,0.959
242,0.182,8.763,3.013,0.484,0.479,179.621,0.910,121,1.011,0.990,0.965
243,0.185,3.214,4.303,0.492,0.478,81.442,0.907,122,1.028,0.973,0.964
244,0.188,8.762,3.017,0.500,0.478,95.053,0.912,122,1.046,0.956,0.965
245,0.179,3.217,4.322,0.495,0.462,3.603,0.920,123,1.071,0.933,0.964
246,0.188,8.758,3.023,0.491,0.486,110.942,0.911,123,1.011,0.989,0.964
247,0.180,3.219,4.342,0.491,0.468,3.919,0.915,124,1.050,0.952,0.969
248,0.183,8.755,3.028,0.492,0.473,177.381,0.885,124,1.041,0.960,0.960
249,0.186,3.220,4.361,0.498,0.475,93.408,0.903,125,1.048,0.954,0.964
250,0.185,8.752,3.031,0.489,0.481,4.363,0.905,125,1.017,0.984,0.963
251,0.183,3.223,4.381,0.488,0.478,89.760,0.890,126,1.020,0.980,0.960
252,0.189,8.749,3.036,0.502,0.479,99.963,0.908,126,1.048,0.954,0.965
253,0.178,3.226,4.401,0.491,0.461,6.090,0.912,127,1.066,0.938,0.963
254,0.187,8.747,3.040,0.491,0.486,107.092,0.907,127,1.009,0.991,0.966
255,0.179,3.228,4.422,0.490,0.466,4.942,0.912,128,1.052,0.950,0.964
256,0.182,8.744,3.045,0.492,0.472,176.508,0.909,128,1.043,0.958,0.966
257,0.184,3.231,4.441,0.495,0.475,92.419,0.902,129,1.042,0.959,0.962
258,0.184,8.741,3.049,0.487,0.482,7.974,0.912,129,1.009,0.991,0.967
259,0.184,3.234,4.460,0.493,0.474,93.935,0.899,130,1.039,0.962,0.959
260,0.188,8.738,3.052,0.502,0.478,97.190,0.918,130,1.051,0.951,0.969
261,0.178,3.237,4.481,0.490,0.461,1.203,0.923,131,1.063,0.941,0.965
262,0.187,8.735,3.055,0.490,0.486,107.132,0.908,131,1.009,0.991,0.966
263,0.179,3.240,4.500,0.492,0.465,3.149,0.913,132,1.059,0.944,0.965
264,0.184,8.732,3.060,0.493,0.475,3.375,0.893,132,1.038,0.963,0.962
265,0.185,3.243,4.519,0.493,0.477,95.385,0.915,133,1.034,0.967,0.965
266,0.184,8.729,3.062,0.487,0.482,154.481,0.904,133,1.010,0.990,0.963
267,0.184,3.244,4.541,0.491,0.477,86.348,0.917,134,1.030,0.971,0.967
268,0.188,8.727,3.063,0.499,0.481,99.856,0.897,134,1.037,0.964,0.962
269,0.178,3.248,4.559,0.491,0.461,3.058,0.923,135,1.063,0.941,0.969
270,0.186,8.723,3.067,0.489,0.485,107.816,0.897,135,1.009,0.991,0.963
271,0.179,3.251,4.578,0.492,0.463,178.188,0.910,136,1.062,0.942,0.964
272,0.183,8.719,3.072,0.494,0.471,178.282,0.902,136,1.047,0.955,0.962
273,0.184,3.254,4.597,0.492,0.475,96.317,0.906,137,1.036,0.965,0.965
274,0.185,8.717,3.072,0.487,0.482,128.947,0.914,137,1.010,0.990,0.965
275,0.185,3.256,4.615,0.495,0.475,94.709,0.864,138,1.041,0.960,0.961
276,0.188,8.714,3.075,0.498,0.481,93.534,0.913,138,1.035,0.966,0.966
277,0.180,3.260,4.636,0.491,0.466,5.514,0.908,139,1.053,0.949,0.966
278,0.186,8.712,3.076,0.489,0.485,75.066,0.907,139,1.007,0.993,0.965
279,0.179,3.261,4.653,0.491,0.464,5.584,0.892,140,1.059,0.944,0.963
280,0.183,8.708,3.079,0.495,0.472,3.187,0.926,140,1.048,0.954,0.970
281,0.184,3.263,4.673,0.490,0.479,82.089,0.912,141,1.022,0.979,0.966
282,0.185,8.704,3.082,0.488,0.483,140.883,0.909,141,1.011,0.989,0.966
283,0.185,3.266,4.692,0.497,0.474,88.396,0.913,142,1.049,0.953,0.963
284,0.189,8.702,3.082,0.500,0.482,101.572,0.918,142,1.036,0.965,0.968
285,0.179,3.271,4.713,0.489,0.467,4.039,0.912,143,1.046,0.956,0.964
286,0.185,8.699,3.084,0.487,0.485,140.348,0.918,143,1.005,0.995,0.967
287,0.178,3.273,4.730,0.492,0.461,179.930,0.914,144,1.066,0.938,0.964
288,0.184,8.696,3.085,0.494,0.473,1.927,0.917,144,1.044,0.958,0.966
289,0.184,3.275,4.748,0.489,0.480,82.739,0.912,145,1.020,0.981,0.964
290,0.187,8.693,3.086,0.490,0.487,125.349,0.917,145,1.007,0.993,0.966
291,0.185,3.278,4.766,0.494,0.477,84.585,0.906,146,1.034,0.967,0.962
292,0.189,8.690,3.086,0.496,0.484,98.114,0.919,146,1.025,0.976,0.969
293,0.180,3.281,4.786,0.489,0.469,4.075,0.898,147,1.044,0.958,0.960
294,0.187,8.686,3.087,0.491,0.485,178.054,0.908,147,1.012,0.989,0.966
295,0.180,3.285,4.802,0.494,0.464,0.742,0.907,148,1.065,0.939,0.964
296,0.185,8.683,3.088,0.495,0.476,5.421,0.915,148,1.039,0.962,0.965
297,0.184,3.287,4.820,0.489,0.480,97.497,0.892,149,1.018,0.982,0.958
298,0.188,8.681,3.088,0.492,0.486,128.171,0.911,149,1.013,0.987,0.965
299,0.184,3.289,4.839,0.493,0.475,88.553,0.900,150,1.039,0.963,0.964
300,0.189,8.677,3.088,0.496,0.486,91.704,0.937,150,1.022,0.978,0.973
301,0.181,3.291,4.858,0.491,0.471,9.081,0.923,151,1.042,0.959,0.967
302,0.187,8.674,3.088,0.492,0.484,0.802,0.916,151,1.017,0.983,0.967
303,0.179,3.295,4.876,0.493,0.462,7.560,0.917,152,1.067,0.937,0.967
304,0.185,8.673,3.088,0.495,0.475,2.060,0.925,152,1.043,0.959,0.970
305,0.183,3.298,4.894,0.487,0.479,91.266,0.906,153,1.017,0.984,0.966
306,0.187,8.669,3.088,0.492,0.485,100.632,0.920,153,1.014,0.986,0.970
307,0.186,3.300,4.912,0.496,0.478,90.997,0.910,154,1.038,0.963,0.964
308,0.189,8.666,3.087,0.496,0.486,90.883,0.922,154,1.021,0.979,0.969
309,0.181,3.304,4.930,0.489,0.472,5.088,0.911,155,1.037,0.964,0.964
310,0.187,8.663,3.085,0.494,0.482,172.597,0.910,155,1.025,0.976,0.967
311,0.179,3.306,4.948,0.490,0.464,4.354,0.899,156,1.056,0.947,0.961
312,0.185,8.660,3.084,0.493,0.476,177.736,0.921,156,1.036,0.965,0.968
313,0.182,3.309,4.965,0.483,0.480,102.015,0.934,157,1.007,0.993,0.970
314,0.187,8.658,3.083,0.489,0.487,143.138,0.916,157,1.004,0.996,0.970
315,0.186,3.310,4.984,0.497,0.476,89.219,0.901,158,1.045,0.957,0.964
316,0.189,8.654,3.082,0.498,0.483,108.495,0.900,158,1.032,0.969,0.966
317,0.183,3.312,5.001,0.486,0.479,18.125,0.906,159,1.014,0.986,0.963
318,0.186,8.651,3.081,0.491,0.481,168.860,0.911,159,1.021,0.979,0.966
319,0.179,3.315,5.019,0.491,0.464,6.910,0.904,160,1.058,0.945,0.964
320,0.185,8.649,3.079,0.492,0.478,4.154,0.921,160,1.029,0.972,0.967
321,0.183,3.319,5.037,0.484,0.481,89.335,0.912,161,1.008,0.993,0.963
322,0.187,8.645,3.077,0.491,0.484,85.195,0.925,161,1.015,0.985,0.968
323,0.184,3.321,5.055,0.493,0.475,99.609,0.917,162,1.037,0.964,0.965
324,0.189,8.642,3.075,0.495,0.485,95.327,0.915,162,1.019,0.982,0.966
325,0.183,3.324,5.072,0.485,0.480,0.854,0.905,163,1.011,0.989,0.966
326,0.185,8.640,3.072,0.493,0.479,5.475,0.925,163,1.029,0.972,0.970
327,0.179,3.327,5.090,0.491,0.465,0.655,0.912,164,1.058,0.945,0.967
328,0.185,8.636,3.070,0.495,0.476,177.180,0.905,164,1.040,0.962,0.962
329,0.182,3.331,5.108,0.483,0.480,66.143,0.902,165,1.007,0.993,0.966
330,0.188,8.633,3.067,0.495,0.484,104.979,0.916,165,1.022,0.978,0.969
331,0.186,3.334,5.126,0.498,0.477,91.262,0.905,166,1.044,0.958,0.965
332,0.189,8.630,3.065,0.496,0.484,105.299,0.906,166,1.024,0.976,0.966
333,0.182,3.336,5.142,0.484,0.479,174.115,0.892,167,1.012,0.988,0.959
334,0.186,8.628,3.062,0.493,0.480,173.600,0.912,167,1.026,0.975,0.968
335,0.180,3.339,5.159,0.493,0.464,2.554,0.925,168,1.062,0.941,0.970
336,0.185,8.626,3.059,0.492,0.479,178.938,0.917,168,1.029,0.972,0.966
337,0.183,3.342,5.177,0.483,0.483,50.160,0.907,169,1.001,0.999,0.964
338,0.189,8.622,3.055,0.494,0.486,97.577,0.927,169,1.017,0.983,0.970
339,0.187,3.344,5.193,0.501,0.476,86.938,0.902,170,1.051,0.951,0.966
340,0.190,8.618,3.051,0.497,0.487,112.856,0.905,170,1.019,0.981,0.963
341,0.185,3.346,5.211,0.487,0.484,78.734,0.915,171,1.006,0.994,0.965
342,0.186,8.616,3.047,0.496,0.478,178.304,0.914,171,1.037,0.965,0.968
343,0.180,3.350,5.228,0.493,0.464,4.902,0.917,172,1.064,0.940,0.969
344,0.185,8.613,3.044,0.492,0.480,4.375,0.906,172,1.025,0.975,0.963
345,0.183,3.352,5.245,0.486,0.481,175.638,0.916,173,1.011,0.989,0.968
346,0.189,8.609,3.040,0.494,0.488,112.002,0.913,173,1.013,0.987,0.967
347,0.187,3.355,5.262,0.496,0.480,90.146,0.907,174,1.034,0.967,0.966
348,0.191,8.606,3.035,0.496,0.490,120.283,0.919,174,1.013,0.987,0.969
349,0.183,3.357,5.280,0.483,0.482,3.265,0.916,175,1.003,0.997,0.968
350,0.186,8.604,3.030,0.495,0.479,169.905,0.912,175,1.032,0.969,0.968
351,0.180,3.361,5.296,0.492,0.467,6.551,0.900,176,1.053,0.950,0.965
352,0.186,8.601,3.026,0.493,0.481,175.613,0.911,176,1.027,0.974,0.965
353,0.182,3.363,5.311,0.485,0.478,9.183,0.904,177,1.014,0.986,0.965
354,0.190,8.598,3.020,0.496,0.487,99.759,0.911,177,1.017,0.983,0.965
355,0.186,3.367,5.329,0.495,0.478,80.972,0.912,178,1.034,0.967,0.966
356,0.190,8.595,3.015,0.495,0.489,112.246,0.906,178,1.013,0.988,0.965
357,0.185,3.369,5.346,0.487,0.483,16.667,0.904,179,1.009,0.991,0.967
358,0.186,8.592,3.011,0.496,0.477,176.417,0.902,179,1.040,0.961,0.964
359,0.179,3.373,5.363,0.492,0.465,4.953,0.906,180,1.059,0.945,0.964
360,0.187,8.589,3.005,0.492,0.484,166.103,0.901,180,1.016,0.984,0.963
361,0.182,3.374,5.379,0.487,0.476,14.351,0.909,181,1.023,0.977,0.964
362,0.190,8.586,2.999,0.497,0.485,106.741,0.913,181,1.025,0.976,0.967
363,0.186,3.377,5.394,0.496,0.478,87.175,0.914,182,1.037,0.964,0.966
364,0.189,8.583,2.993,0.493,0.489,112.929,0.909,182,1.008,0.992,0.965
365,0.182,3.381,5.411,0.485,0.478,62.848,0.920,183,1.015,0.985,0.968
366,0.186,8.581,2.987,0.494,0.480,179.768,0.908,183,1.029,0.972,0.964
367,0.180,3.383,5.427,0.492,0.466,3.446,0.901,184,1.056,0.947,0.963
368,0.187,8.578,2.982,0.491,0.485,171.677,0.925,184,1.014,0.986,0.971
369,0.182,3.386,5.444,0.487,0.477,1.383,0.907,185,1.019,0.981,0.966
370,0.190,8.575,2.976,0.499,0.485,104.081,0.892,185,1.029,0.972,0.961
371,0.184,3.388,5.461,0.492,0.477,87.848,0.911,186,1.032,0.969,0.964
372,0.189,8.573,2.968,0.492,0.489,102.387,0.918,186,1.005,0.995,0.967
373,0.183,3.390,5.477,0.485,0.482,61.619,0.926,187,1.007,0.993,0.971
374,0.186,8.571,2.962,0.494,0.480,1.415,0.914,187,1.030,0.971,0.968
375,0.180,3.394,5.492,0.493,0.466,3.932,0.910,188,1.057,0.946,0.965
376,0.187,8.568,2.954,0.490,0.485,172.839,0.927,188,1.010,0.990,0.970
377,0.181,3.395,5.508,0.487,0.473,18.010,0.893,189,1.031,0.970,0.960
378,0.189,8.564,2.948,0.498,0.484,104.232,0.912,189,1.027,0.974,0.965
379,0.185,3.399,5.524,0.493,0.477,87.322,0.908,190,1.033,0.968,0.965
380,0.188,8.562,2.940,0.491,0.488,122.254,0.907,190,1.006,0.994,0.964
381,0.184,3.401,5.541,0.487,0.480,75.582,0.910,191,1.015,0.985,0.965
382,0.186,8.560,2.932,0.494,0.480,179.167,0.914,191,1.030,0.971,0.970
383,0.182,3.405,5.557,0.492,0.470,0.661,0.896,192,1.046,0.956,0.966
384,0.188,8.556,2.926,0.493,0.487,3.766,0.907,192,1.012,0.988,0.967
385,0.182,3.407,5.572,0.486,0.478,166.760,0.921,193,1.015,0.985,0.970
386,0.192,8.554,2.917,0.502,0.486,102.876,0.906,193,1.034,0.967,0.964
387,0.187,3.409,5.588,0.495,0.480,94.176,0.914,194,1.032,0.969,0.966
388,0.189,8.551,2.910,0.493,0.489,169.234,0.912,194,1.008,0.992,0.966
389,0.186,3.412,5.603,0.491,0.481,87.112,0.899,195,1.021,0.979,0.964
390,0.187,8.549,2.901,0.495,0.480,3.753,0.909,195,1.033,0.968,0.967
391,0.182,3.415,5.621,0.492,0.472,3.541,0.903,196,1.044,0.958,0.964
392,0.189,8.547,2.893,0.491,0.489,135.715,0.905,196,1.003,0.997,0.963
393,0.183,3.418,5.635,0.492,0.474,179.391,0.917,197,1.039,0.962,0.968
394,0.192,8.544,2.884,0.500,0.489,101.876,0.907,197,1.023,0.978,0.965
395,0.185,3.421,5.648,0.492,0.480,105.583,0.917,198,1.025,0.976,0.967
396,0.189,8.541,2.875,0.495,0.487,162.451,0.930,198,1.018,0.982,0.972
397,0.186,3.423,5.665,0.491,0.482,114.505,0.927,199,1.018,0.982,0.970
398,0.188,8.539,2.866,0.497,0.482,1.177,0.914,199,1.032,0.969,0.966
399,0.181,3.425,5.681,0.491,0.470,9.421,0.890,200,1.046,0.956,0.966
400,0.190,8.536,2.857,0.493,0.489,127.652,0.893,200,1.008,0.992,0.961
401,0.182,3.427,5.695,0.488,0.474,5.439,0.906,201,1.030,0.971,0.963
402,0.193,8.533,2.848,0.501,0.490,94.240,0.900,201,1.023,0.978,0.963
403,0.186,3.430,5.712,0.494,0.481,94.477,0.915,202,1.027,0.974,0.967
404,0.190,8.531,2.838,0.492,0.491,17.674,0.903,202,1.003,0.997,0.964
405,0.185,3.433,5.727,0.489,0.481,84.079,0.915,203,1.016,0.984,0.966
406,0.187,8.529,2.829,0.496,0.481,173.177,0.920,203,1.032,0.969,0.968
407,0.182,3.436,5.742,0.490,0.473,4.242,0.919,204,1.035,0.966,0.967
408,0.189,8.526,2.818,0.491,0.489,127.853,0.915,204,1.003,0.997,0.968
409,0.182,3.440,5.756,0.490,0.473,2.777,0.927,205,1.036,0.965,0.969
410,0.191,8.524,2.809,0.500,0.486,103.363,0.892,205,1.027,0.973,0.961
411,0.186,3.442,5.772,0.492,0.481,95.150,0.900,206,1.023,0.977,0.960
412,0.190,8.521,2.797,0.494,0.491,157.574,0.917,206,1.006,0.994,0.968
413,0.186,3.444,5.787,0.492,0.481,97.703,0.905,207,1.023,0.977,0.964
414,0.187,8.520,2.787,0.496,0.480,0.924,0.902,207,1.033,0.968,0.965
415,0.182,3.447,5.802,0.491,0.473,1.190,0.910,208,1.037,0.964,0.964
416,0.190,8.517,2.775,0.494,0.490,101.185,0.917,208,1.008,0.992,0.968
417,0.182,3.448,5.816,0.491,0.473,0.870,0.918,209,1.037,0.964,0.965
418,0.192,8.515,2.765,0.501,0.489,101.322,0.916,209,1.024,0.977,0.967
419,0.185,3.451,5.832,0.492,0.480,91.781,0.917,210,1.024,0.976,0.968
420,0.191,8.513,2.753,0.496,0.489,166.599,0.908,210,1.014,0.986,0.966
421,0.186,3.453,5.846,0.494,0.481,88.574,0.895,211,1.026,0.975,0.965
422,0.188,8.511,2.742,0.496,0.482,1.612,0.912,211,1.030,0.971,0.966
423,0.182,3.455,5.862,0.487,0.476,174.645,0.919,212,1.023,0.978,0.967
424,0.191,8.508,2.729,0.494,0.492,132.556,0.927,212,1.006,0.994,0.970
425,0.182,3.458,5.876,0.490,0.472,0.126,0.917,213,1.038,0.964,0.966
426,0.192,8.506,2.719,0.497,0.492,99.113,0.917,213,1.010,0.990,0.969
427,0.185,3.460,5.890,0.488,0.483,99.591,0.898,214,1.010,0.991,0.963
428,0.189,8.505,2.707,0.495,0.486,170.310,0.917,214,1.019,0.982,0.968
429,0.185,3.464,5.906,0.490,0.481,101.819,0.891,215,1.019,0.981,0.965
430,0.189,8.502,2.694,0.499,0.482,178.320,0.900,215,1.035,0.966,0.961
431,0.181,3.466,5.920,0.484,0.475,2.656,0.923,216,1.019,0.981,0.968
432,0.189,8.500,2.683,0.492,0.490,90.641,0.919,216,1.005,0.996,0.966
433,0.183,3.469,5.934,0.487,0.477,2.772,0.904,217,1.021,0.979,0.962
434,0.191,8.499,2.669,0.498,0.489,117.334,0.911,217,1.019,0.981,0.964
435,0.184,3.470,5.948,0.490,0.479,89.355,0.911,218,1.023,0.977,0.963
436,0.189,8.496,2.656,0.495,0.487,0.971,0.913,218,1.017,0.983,0.967
437,0.186,3.472,5.964,0.495,0.477,90.537,0.918,219,1.036,0.965,0.966
438,0.188,8.494,2.644,0.498,0.482,1.415,0.922,219,1.034,0.967,0.968
439,0.185,3.476,5.978,0.489,0.480,9.593,0.914,220,1.018,0.982,0.967
440,0.190,8.492,2.631,0.496,0.488,111.458,0.917,220,1.016,0.984,0.968
441,0.185,3.479,5.991,0.492,0.478,1.722,0.914,221,1.029,0.972,0.968
442,0.192,8.489,2.616,0.500,0.490,99.926,0.909,221,1.020,0.980,0.967
443,0.186,3.481,6.005,0.492,0.482,71.021,0.919,222,1.021,0.979,0.968
444,0.189,8.487,2.603,0.495,0.486,176.096,0.927,222,1.020,0.981,0.972
445,0.188,3.484,6.019,0.497,0.481,92.889,0.896,223,1.034,0.967,0.963
446,0.189,8.485,2.589,0.494,0.486,1.811,0.909,223,1.018,0.983,0.966
447,0.184,3.487,6.035,0.487,0.480,172.391,0.912,224,1.015,0.985,0.969
448,0.192,8.484,2.575,0.497,0.491,129.288,0.905,224,1.011,0.989,0.964
449,0.184,3.490,6.048,0.492,0.476,178.203,0.903,225,1.034,0.967,0.965
450,0.192,8.481,2.560,0.499,0.489,95.087,0.924,225,1.020,0.980,0.970
451,0.187,3.492,6.062,0.491,0.485,86.754,0.908,226,1.013,0.987,0.966
452,0.189,8.479,2.544,0.497,0.484,6.231,0.910,226,1.028,0.973,0.965
453,0.187,3.495,6.076,0.496,0.481,97.872,0.906,227,1.031,0.970,0.963
454,0.190,8.477,2.530,0.497,0.485,6.093,0.913,227,1.024,0.976,0.968
455,0.183,3.497,6.090,0.485,0.482,5.159,0.926,228,1.006,0.994,0.968
456,0.192,8.475,2.514,0.497,0.493,98.019,0.898,228,1.008,0.992,0.965
457,0.182,3.499,6.103,0.487,0.475,166.454,0.918,229,1.025,0.976,0.965
458,0.192,8.473,2.499,0.496,0.492,121.289,0.916,229,1.010,0.990,0.969
459,0.185,3.501,6.117,0.491,0.481,92.200,0.904,230,1.020,0.981,0.965
460,0.190,8.471,2.483,0.498,0.486,175.342,0.889,230,1.026,0.975,0.964
461,0.187,3.503,6.132,0.497,0.478,91.908,0.877,231,1.040,0.962,0.962
462,0.189,8.470,2.468,0.497,0.483,0.651,0.908,231,1.031,0.970,0.965
463,0.185,3.505,6.145,0.487,0.483,4.476,0.915,232,1.009,0.991,0.968
464,0.192,8.468,2.451,0.498,0.491,111.887,0.914,232,1.014,0.986,0.968
465,0.183,3.509,6.158,0.490,0.475,2.317,0.914,233,1.032,0.969,0.967
466,0.191,8.465,2.435,0.494,0.491,166.138,0.919,233,1.006,0.994,0.969
467,0.187,3.510,6.171,0.491,0.484,85.613,0.907,234,1.014,0.987,0.965
468,0.188,8.463,2.418,0.497,0.482,3.578,0.923,234,1.030,0.970,0.968
469,0.187,3.511,6.185,0.500,0.477,93.053,0.909,235,1.047,0.955,0.964
470,0.189,8.461,2.401,0.496,0.484,177.771,0.918,235,1.024,0.977,0.967
471,0.184,3.515,6.199,0.484,0.483,14.814,0.886,236,1.002,0.998,0.959
472,0.192,8.461,2.382,0.498,0.492,106.593,0.902,236,1.014,0.986,0.962
473,0.182,3.517,6.212,0.489,0.474,2.906,0.911,237,1.033,0.968,0.965
474,0.191,8.458,2.366,0.494,0.492,76.463,0.903,237,1.005,0.995,0.965
475,0.186,3.520,6.225,0.490,0.484,90.092,0.921,238,1.012,0.988,0.969
476,0.189,8.456,2.348,0.499,0.483,6.502,0.919,238,1.033,0.968,0.967
477,0.187,3.522,6.238,0.497,0.481,89.719,0.900,239,1.033,0.968,0.963
478,0.189,8.455,2.329,0.497,0.485,1.725,0.922,239,1.024,0.976,0.969
479,0.186,3.525,6.251,0.488,0.486,27.314,0.904,240,1.005,0.995,0.964
480,0.192,8.453,2.310,0.495,0.494,97.770,0.907,240,1.003,0.997,0.967
481,0.184,3.528,6.264,0.492,0.477,1.993,0.920,241,1.030,0.971,0.967
482,0.191,8.452,2.291,0.493,0.493,136.401,0.927,241,1.001,0.999,0.971
