R,Area,X,Y,XM,YM,Major,Minor,Angle,Circ.,Slice,AR,Round,Solidity
1,0.617532,0.018665,0.222731,0.018662,0.222741,1.334932,0.588993,179.546647,0.602706,1,2.266466,0.441215,0.961808
2,0.646559,0.091825,0.061633,0.091828,0.061643,1.333664,0.617265,2.752922,0.644055,2,2.160602,0.462834,0.971101
3,0.685115,-0.075073,-0.103593,-0.075091,-0.103570,1.233059,0.707440,176.628378,0.679395,3,1.742988,0.573727,0.965095
4,0.707954,0.014231,0.311727,0.014335,0.312047,1.035618,0.870393,167.633423,0.746191,4,1.189828,0.840458,0.970640
5,0.826421,0.150296,0.445619,0.150276,0.445661,1.067534,0.985666,94.692287,0.666187,5,1.083059,0.923311,0.972657
6,0.892629,-0.014813,0.403457,-0.014813,0.403457,1.213314,0.936715,91.076921,0.708028,6,1.295286,0.772031,0.972626
7,0.885777,-0.008206,0.454652,-0.008181,0.454753,1.306995,0.862900,91.702563,0.699601,7,1.514655,0.660217,0.971438
8,0.898228,0.037369,0.669240,0.037372,0.669296,1.340245,0.853321,91.911957,0.660135,8,1.570624,0.636690,0.976610
9,0.903999,0.040446,0.732976,0.040446,0.732976,1.347312,0.854299,91.903190,0.734496,9,1.577098,0.634076,0.980672
10,0.891695,0.043395,0.805809,0.043395,0.805809,1.316470,0.862414,91.065477,0.808256,10,1.526495,0.655096,0.990156
11,0.843120,0.051012,0.883322,0.051012,0.883322,1.199043,0.895292,92.702271,0.855746,11,1.339276,0.746672,0.990265
12,0.775881,0.055627,0.964539,0.055627,0.964539,1.043403,0.946788,102.385225,0.899680,12,1.102045,0.907404,0.990889
13,0.731455,0.060433,1.050331,0.060433,1.050331,1.023932,0.909550,178.222573,0.879006,13,1.125757,0.888291,0.990423
14,0.703017,0.067087,1.098719,0.067087,1.098719,1.065081,0.840414,177.449898,0.871765,14,1.267329,0.789061,0.988979
15,0.673818,0.072923,1.133736,0.072923,1.133736,1.083503,0.791813,177.218451,0.857644,15,1.368381,0.730791,0.989506
16,0.703484,0.080758,1.190639,0.080758,1.190639,1.060550,0.844566,179.850021,0.882035,16,1.255734,0.796347,0.990680
17,0.755743,0.087656,1.267124,0.087656,1.267124,0.996273,0.965842,4.046891,0.901753,17,1.031508,0.969455,0.990314
18,0.802968,0.093258,1.324370,0.093258,1.324370,1.099980,0.929445,91.439409,0.874143,18,1.183481,0.844965,0.990128
19,0.829883,0.099564,1.381689,0.099564,1.381689,1.175542,0.898854,91.366741,0.865905,19,1.307824,0.764629,0.990707
20,0.858911,0.103579,1.415224,0.103579,1.415224,1.249771,0.875039,91.267663,0.864239,20,1.428246,0.700160,0.991313
21,0.868071,0.110833,1.444960,0.110833,1.444960,1.285924,0.859508,91.502897,0.840281,21,1.496117,0.668397,0.990848
22,0.851666,0.118094,1.480930,0.118094,1.480930,1.244269,0.871495,92.106230,0.835694,22,1.427741,0.700407,0.990645
23,0.816524,0.124015,1.535704,0.124015,1.535704,1.145107,0.907890,93.154068,0.873649,23,1.261284,0.792843,0.990836
24,0.759648,0.130126,1.595087,0.130126,1.595087,0.997442,0.969694,108.051382,0.895393,24,1.028615,0.972181,0.990537
25,0.714240,0.135781,1.656820,0.135781,1.656820,1.024931,0.887278,176.857475,0.880969,25,1.155140,0.865696,0.989942
26,0.689142,0.142129,1.693249,0.142129,1.693249,1.070955,0.819309,178.812988,0.871803,26,1.307144,0.765027,0.989806
27,0.680989,0.149608,1.711556,0.149608,1.711556,1.085311,0.798907,179.872080,0.871711,27,1.358495,0.736109,0.990446
28,0.706259,0.157643,1.746230,0.157643,1.746230,1.043094,0.862086,1.130734,0.880548,28,1.209965,0.826470,0.990801
29,0.760827,0.165519,1.792519,0.165519,1.792519,0.992203,0.976327,88.132841,0.902575,29,1.016261,0.984000,0.990425
30,0.802747,0.170504,1.846996,0.170504,1.846996,1.104940,0.925017,90.645874,0.879755,30,1.194508,0.837165,0.990666
31,0.827722,0.175606,1.887671,0.175606,1.887671,1.182944,0.890903,91.185095,0.863052,31,1.327802,0.753124,0.991163
32,0.848031,0.182667,1.907153,0.182667,1.907153,1.238324,0.871942,91.766935,0.858928,32,1.420191,0.704131,0.991046
33,0.856357,0.189547,1.923614,0.189547,1.923614,1.260408,0.865074,92.134142,0.851886,33,1.456994,0.686345,0.990808
34,0.830325,0.196651,1.946704,0.196651,1.946704,1.192450,0.886581,92.689028,0.852679,34,1.344998,0.743495,0.990668
35,0.791254,0.203459,1.980002,0.203459,1.980002,1.086700,0.927078,93.946162,0.884491,35,1.172178,0.853113,0.990882
36,0.742506,0.208614,2.031391,0.208614,2.031391,0.989514,0.955407,168.258057,0.905241,36,1.035700,0.965531,0.990564
37,0.703116,0.213549,2.076594,0.213549,2.076594,1.042255,0.858940,179.125521,0.878120,37,1.213420,0.824117,0.989853
38,0.678460,0.220224,2.096097,0.220224,2.096097,1.079885,0.799939,0.358807,0.869970,38,1.349959,0.740763,0.990055
39,0.686023,0.229193,2.104597,0.229193,2.104597,1.070987,0.815577,1.316995,0.872903,39,1.313166,0.761519,0.990199
40,0.726225,0.236950,2.126275,0.236950,2.126275,1.018124,0.908198,2.823102,0.887270,40,1.121038,0.892031,0.990123
41,0.771583,0.241807,2.163287,0.241807,2.163287,1.026180,0.957346,88.419567,0.901749,41,1.071900,0.932922,0.990401
42,0.803115,0.247055,2.204684,0.247055,2.204684,1.118537,0.914192,90.986153,0.879382,42,1.223525,0.817311,0.991180
43,0.831897,0.252596,2.230156,0.252596,2.230156,1.198920,0.883465,91.755051,0.857238,43,1.357065,0.736884,0.990888
44,0.846239,0.259059,2.245796,0.259059,2.245796,1.239007,0.869620,92.356990,0.859600,44,1.424768,0.701869,0.991056
45,0.841082,0.266256,2.248657,0.266256,2.248657,1.224097,0.874847,92.797753,0.862294,45,1.399213,0.714688,0.991202
46,0.811367,0.273500,2.258056,0.273500,2.258056,1.144768,0.902422,93.560057,0.869709,46,1.268550,0.788302,0.990853
47,0.768022,0.278699,2.287717,0.278699,2.287717,1.027394,0.951802,96.585370,0.888239,47,1.079420,0.926423,0.990373
48,0.726249,0.283419,2.324517,0.283419,2.324517,1.008551,0.916849,178.074015,0.896061,48,1.100019,0.909075,0.990156
49,0.690567,0.289418,2.354319,0.289418,2.354319,1.058377,0.830759,0.800149,0.866930,49,1.273988,0.784936,0.989862
50,0.680031,0.296414,2.363892,0.296414,2.363892,1.078989,0.802457,1.598993,0.867154,50,1.344607,0.743712,0.989477
51,0.706136,0.304395,2.364296,0.304395,2.364296,1.047433,0.858366,2.457943,0.879615,51,1.220263,0.819495,0.990015
52,0.739510,0.311482,2.376829,0.311482,2.376829,0.994435,0.946843,6.957696,0.888572,52,1.050264,0.952142,0.990022
53,0.781087,0.316043,2.405813,0.316043,2.405813,1.057659,0.940294,89.658304,0.896636,53,1.124817,0.889033,0.990671
54,0.814854,0.320446,2.434072,0.320446,2.434072,1.152674,0.900084,91.684187,0.874060,54,1.280629,0.780866,0.991217
55,0.837251,0.325773,2.453835,0.325773,2.453835,1.215661,0.876906,92.453903,0.857878,55,1.386308,0.721340,0.991292
56,0.845085,0.332844,2.455358,0.332844,2.455358,1.235776,0.870704,93.111772,0.859502,56,1.419284,0.704581,0.990402
57,0.824751,0.339388,2.450549,0.339388,2.450549,1.179314,0.890437,93.595882,0.870361,57,1.324422,0.755047,0.990810
58,0.789657,0.345567,2.454750,0.345567,2.454750,1.084795,0.926833,94.669937,0.880919,58,1.170432,0.854385,0.990634
59,0.750070,0.350987,2.474591,0.350987,2.474591,0.982366,0.972163,138.158507,0.895098,59,1.010495,0.989614,0.990000
60,0.712300,0.355160,2.502055,0.355160,2.502055,1.030994,0.879665,0.730256,0.885951,60,1.172031,0.853220,0.989763
61,0.687767,0.360798,2.516390,0.360798,2.516390,1.070024,0.818386,2.170993,0.875399,61,1.307481,0.764830,0.990119
62,0.687276,0.368035,2.516123,0.368035,2.516123,1.070145,0.817708,2.734554,0.872492,62,1.308713,0.764110,0.989954
63,0.718710,0.374991,2.510356,0.374991,2.510356,1.025129,0.892658,4.173316,0.888374,63,1.148401,0.870776,0.990305
64,0.760139,0.380753,2.516771,0.380753,2.516771,1.000630,0.967229,83.078454,0.894540,64,1.034532,0.966620,0.990417
65,0.794815,0.384778,2.537668,0.384778,2.537668,1.097341,0.922219,91.171345,0.886935,65,1.189892,0.840412,0.990482
66,0.826200,0.389107,2.559024,0.389107,2.559024,1.183023,0.889205,92.627155,0.868963,66,1.330428,0.751638,0.991351
67,0.841843,0.394352,2.564218,0.394352,2.564218,1.224085,0.875648,93.292292,0.853966,67,1.397918,0.715349,0.990680
68,0.836440,0.400053,2.557239,0.400053,2.557239,1.207404,0.882048,93.850047,0.863847,68,1.368863,0.730533,0.990347
69,0.807069,0.406484,2.547194,0.406484,2.547194,1.129399,0.909857,94.453788,0.884600,69,1.241292,0.805612,0.990984
70,0.771411,0.412179,2.544146,0.412179,2.544146,1.032025,0.951713,96.738860,0.888109,70,1.084387,0.922180,0.990774
71,0.734206,0.417184,2.556817,0.417184,2.556817,1.002125,0.932837,179.734219,0.898252,71,1.074276,0.930859,0.990131
72,0.696190,0.420976,2.576788,0.420976,2.576788,1.055444,0.839852,2.575819,0.882459,72,1.256702,0.795734,0.990375
73,0.685729,0.425747,2.577312,0.425747,2.577312,1.076331,0.811179,3.446752,0.869588,73,1.326872,0.753652,0.989949
74,0.704515,0.432801,2.567199,0.432801,2.567199,1.050013,0.854291,3.945819,0.885393,74,1.229104,0.813601,0.990009
75,0.741205,0.439044,2.554495,0.439044,2.554495,0.997417,0.946176,9.182978,0.890882,75,1.054156,0.948627,0.990223
76,0.776716,0.443905,2.556972,0.443905,2.556972,1.045098,0.946270,89.512803,0.893565,76,1.104439,0.905437,0.990743
77,0.810826,0.448028,2.570747,0.448028,2.570747,1.137540,0.907552,92.301631,0.883538,77,1.253416,0.797820,0.990758
78,0.837766,0.451727,2.579531,0.451727,2.579531,1.207555,0.883336,93.433282,0.861505,78,1.367039,0.731508,0.990880
79,0.841867,0.455832,2.577136,0.455832,2.577136,1.217240,0.880598,94.037862,0.862854,79,1.382289,0.723438,0.991224
80,0.823474,0.461156,2.561574,0.461156,2.561574,1.166367,0.898927,94.463053,0.879956,80,1.297510,0.770707,0.990781
81,0.792310,0.467467,2.542212,0.467467,2.542212,1.080843,0.933346,95.292262,0.886307,81,1.158030,0.863535,0.990270
82,0.754736,0.472703,2.535820,0.472703,2.535820,0.984760,0.975831,132.870639,0.895189,82,1.009150,0.990933,0.990365
83,0.718415,0.476652,2.542291,0.476652,2.542291,1.031804,0.886520,2.508293,0.891927,83,1.163881,0.859194,0.990184
84,0.690002,0.480156,2.549849,0.480156,2.549849,1.071138,0.820191,4.121791,0.873395,84,1.305962,0.765719,0.990377
85,0.692580,0.484605,2.542492,0.484605,2.542492,1.068283,0.825456,4.300823,0.876936,85,1.294173,0.772694,0.989787
86,0.725684,0.490991,2.519570,0.490991,2.519570,1.023719,0.902563,5.524300,0.897275,86,1.134236,0.881651,0.990514
87,0.761072,0.496247,2.504774,0.496247,2.504774,0.997282,0.971669,79.049281,0.894707,87,1.026360,0.974317,0.990729
88,0.797467,0.499883,2.500537,0.499883,2.500537,1.092914,0.929045,91.646704,0.891172,88,1.176385,0.850062,0.990619
89,0.830055,0.503246,2.504511,0.503246,2.504511,1.178315,0.896924,93.515363,0.878301,89,1.313730,0.761191,0.991217
90,0.845453,0.506306,2.505033,0.506306,2.505033,1.215795,0.885400,94.154138,0.859045,90,1.373159,0.728248,0.990805
91,0.838528,0.509894,2.490984,0.509894,2.490984,1.194459,0.893833,94.547704,0.865159,91,1.336334,0.748316,0.990629
92,0.810188,0.515340,2.465588,0.515340,2.465588,1.119530,0.921425,94.959886,0.883986,92,1.214999,0.823046,0.990884
93,0.775316,0.520895,2.441924,0.520895,2.441924,1.026764,0.961431,97.790550,0.887540,93,1.067955,0.936369,0.990183
94,0.738872,0.525427,2.430125,0.525427,2.430125,1.009401,0.931999,2.280861,0.890338,94,1.083050,0.923318,0.989525
95,0.704466,0.527539,2.430289,0.527539,2.430289,1.058878,0.847080,4.408419,0.885726,95,1.250033,0.799979,0.990060
96,0.696436,0.530267,2.423026,0.530267,2.423026,1.073382,0.826108,5.199691,0.869232,96,1.299323,0.769631,0.989359
97,0.711465,0.535341,2.404583,0.535341,2.404583,1.049476,0.863160,5.516101,0.887596,97,1.215853,0.822468,0.990462
98,0.747664,0.540340,2.375280,0.540340,2.375280,1.000047,0.951910,10.417803,0.898645,98,1.050569,0.951865,0.990951
99,0.785065,0.544558,2.352761,0.544558,2.352761,1.051495,0.950623,90.168073,0.893080,99,1.106111,0.904068,0.991056
100,0.820453,0.547335,2.342495,0.547335,2.342495,1.142472,0.914362,93.062813,0.886068,100,1.249475,0.800336,0.991027
101,0.846091,0.548554,2.338841,0.548554,2.338841,1.204578,0.894319,94.295509,0.870913,101,1.346921,0.742434,0.990797
102,0.848007,0.551350,2.325816,0.551350,2.325816,1.205972,0.895308,94.645447,0.863655,102,1.346991,0.742396,0.990719
103,0.829368,0.554631,2.300237,0.554631,2.300237,1.156035,0.913453,95.086069,0.878186,103,1.265567,0.790160,0.990526
104,0.795453,0.559306,2.266847,0.559306,2.266847,1.068788,0.947618,95.955969,0.894466,104,1.127868,0.886628,0.990142
105,0.761391,0.564180,2.235628,0.564180,2.235628,0.991566,0.977679,170.858043,0.897608,105,1.014204,0.985995,0.990638
106,0.724383,0.566611,2.219814,0.566611,2.219814,1.040295,0.886588,4.978266,0.889568,106,1.173370,0.852246,0.990231
107,0.698302,0.567278,2.210790,0.567278,2.210790,1.074499,0.827461,5.669104,0.883902,107,1.298549,0.770090,0.990801
108,0.704565,0.569703,2.191976,0.569703,2.191976,1.066160,0.841412,5.778387,0.877106,108,1.267108,0.789199,0.990215
109,0.735336,0.573460,2.157716,0.573460,2.157716,1.024799,0.913602,7.173701,0.896105,109,1.121713,0.891493,0.990146
110,0.773842,0.578109,2.119250,0.578109,2.119250,1.011987,0.973615,84.638583,0.892095,110,1.039412,0.962083,0.990009
111,0.811268,0.580857,2.089342,0.580857,2.089342,1.107179,0.932947,92.740053,0.887050,111,1.186754,0.842635,0.990926
112,0.844004,0.581765,2.072434,0.581765,2.072434,1.184758,0.907037,94.162616,0.879315,112,1.306185,0.765589,0.991175
113,0.856455,0.582117,2.055211,0.582117,2.055211,1.211748,0.899917,94.783619,0.871662,113,1.346510,0.742660,0.991049
114,0.845993,0.583712,2.030113,0.583712,2.030113,1.182039,0.911266,94.921300,0.872012,114,1.297139,0.770927,0.990782
115,0.819422,0.586793,1.991884,0.586793,1.991884,1.114498,0.936135,95.568578,0.888862,115,1.190532,0.839961,0.990530
116,0.784869,0.590668,1.946055,0.590668,1.946055,1.025170,0.974790,98.346163,0.898746,116,1.051682,0.950857,0.990793
117,0.744766,0.592983,1.910269,0.592983,1.910269,1.023366,0.926614,4.633269,0.891021,117,1.104414,0.905458,0.990544
118,0.713430,0.593587,1.886730,0.593587,1.886730,1.065845,0.852251,6.122886,0.884238,118,1.250624,0.799601,0.989644
119,0.705400,0.593321,1.864077,0.593321,1.864077,1.075592,0.835022,6.301668,0.880420,119,1.288100,0.776337,0.990688
120,0.726053,0.594792,1.829080,0.594792,1.829080,1.046821,0.883092,6.862646,0.887725,120,1.185404,0.843594,0.990237
121,0.763331,0.598241,1.778633,0.598241,1.778633,1.001610,0.970341,17.344460,0.903771,121,1.032225,0.968781,0.990756
122,0.802870,0.600515,1.730664,0.600515,1.730664,1.071207,0.954293,91.615427,0.890019,122,1.122514,0.890857,0.990922
123,0.841990,0.601315,1.691711,0.601315,1.691711,1.163950,0.921049,94.130143,0.877468,123,1.263722,0.791313,0.990796
124,0.864559,0.600467,1.661685,0.600467,1.661685,1.213763,0.906924,94.751016,0.876411,124,1.338330,0.747200,0.991425
125,0.863503,0.599408,1.631253,0.599408,1.631253,1.206479,0.911285,94.916475,0.875093,125,1.323932,0.755326,0.991247
126,0.843120,0.600206,1.589460,0.600206,1.589460,1.153467,0.930667,95.217830,0.882562,126,1.239398,0.806843,0.991023
127,0.811489,0.602384,1.534385,0.602384,1.534385,1.074668,0.961432,96.038573,0.898291,127,1.117778,0.894632,0.990854
128,0.770723,0.604618,1.476627,0.604618,1.476627,1.005824,0.975634,4.949783,0.895708,128,1.030944,0.969985,0.990469
129,0.734230,0.604610,1.429932,0.604610,1.429932,1.052700,0.888051,6.838654,0.886451,129,1.185404,0.843594,0.990131
130,0.713455,0.603236,1.392604,0.603236,1.392604,1.078845,0.842010,6.871667,0.882658,130,1.281273,0.780474,0.989965
131,0.723548,0.601731,1.352555,0.601731,1.352555,1.065471,0.864641,7.014539,0.884388,131,1.232270,0.811511,0.990619
132,0.755055,0.602831,1.294789,0.602831,1.294789,1.026695,0.936370,9.806884,0.898496,132,1.096462,0.912024,0.990736
133,0.795158,0.604532,1.228104,0.604532,1.228104,1.035478,0.977739,88.179313,0.901029,133,1.059053,0.944240,0.991062
134,0.839829,0.604998,1.162944,0.604998,1.162944,1.139105,0.938722,93.746104,0.880845,134,1.213464,0.824087,0.990686
135,0.873793,0.603206,1.108592,0.603206,1.108592,1.213549,0.916772,94.696103,0.871833,135,1.323720,0.755447,0.990852
136,0.884132,0.600737,1.060249,0.600737,1.060249,1.232364,0.913457,94.892384,0.874977,136,1.349122,0.741223,0.991395
137,0.872270,0.599391,1.006224,0.599391,1.006224,1.200696,0.924971,95.013552,0.877579,137,1.298091,0.770362,0.990795
138,0.847884,0.599444,0.940039,0.599444,0.940039,1.138979,0.947831,95.181750,0.886318,138,1.201670,0.832176,0.990859
139,0.811416,0.599746,0.863297,0.599746,0.863297,1.051089,0.982911,94.268725,0.903785,139,1.069363,0.935136,0.990928
140,0.768538,0.600315,0.783152,0.600315,0.783152,1.030271,0.949781,9.166254,0.887540,140,1.084746,0.921875,0.989894
141,0.740272,0.599067,0.713116,0.599067,0.713116,1.067315,0.883098,8.034391,0.887346,141,1.208603,0.827402,0.990374
142,0.733003,0.596156,0.646104,0.596156,0.646104,1.075150,0.868054,7.451416,0.844760,142,1.238575,0.807380,0.986939
143,0.758665,0.594609,0.562961,0.594579,0.562841,1.045905,0.923567,11.877284,0.677106,143,1.132462,0.883032,0.974097
144,0.827157,0.597684,0.454467,0.597684,0.454436,1.063340,0.990435,88.488529,0.663014,144,1.073609,0.931438,0.962535
145,0.839019,0.598870,0.394258,0.598883,0.394283,1.058718,1.009024,109.759457,0.684064,145,1.049250,0.953062,0.967916
146,0.826494,0.599058,0.356798,0.599106,0.356870,1.073241,0.980511,162.775293,0.737920,146,1.094573,0.913598,0.954481
147,0.799161,0.600516,0.323400,0.600322,0.323299,1.124378,0.904966,171.983723,0.694337,147,1.242453,0.804859,0.939678
148,0.771411,0.601725,0.303004,0.601616,0.303094,1.165081,0.843024,174.490148,0.516154,148,1.382027,0.723575,0.884098
149,0.748965,0.602930,0.278358,0.602873,0.278374,1.244930,0.765997,176.836270,0.653857,149,1.625242,0.615293,0.967607
150,0.757487,0.607478,0.294762,0.607468,0.294828,1.221944,0.789285,178.414395,0.734217,150,1.548167,0.645925,0.967671
151,0.775831,0.610598,0.320562,0.610609,0.320684,1.152889,0.856821,177.064554,0.589016,151,1.345543,0.743194,0.947485
152,0.818685,0.611084,0.354546,0.611091,0.354581,1.089119,0.957087,174.916413,0.583423,152,1.137952,0.878772,0.956462
153,0.857855,0.617437,0.402036,0.617320,0.402166,1.095936,0.996641,118.749067,0.766411,153,1.099629,0.909398,0.970778
154,0.846263,0.620800,0.451706,0.620766,0.451951,1.114401,0.966884,111.718810,0.610214,154,1.152570,0.867627,0.953158
155,0.851371,0.625026,0.524563,0.624864,0.525672,1.149416,0.943087,104.835487,0.582878,155,1.218781,0.820492,0.934750
156,0.838405,0.624091,0.576370,0.623987,0.577394,1.137268,0.938644,101.933898,0.602463,156,1.211607,0.825350,0.952447
157,0.845625,0.626190,0.613908,0.626161,0.614502,1.154139,0.932889,97.834613,0.590062,157,1.237167,0.808298,0.933993
158,0.852108,0.631143,0.672557,0.631143,0.672557,1.151853,0.941906,90.945225,0.825742,158,1.222895,0.817731,0.983406
159,0.871607,0.638267,0.717327,0.638267,0.717327,1.176321,0.943420,85.773274,0.809293,159,1.246869,0.802009,0.982709
160,0.871018,0.642313,0.763392,0.642313,0.763392,1.158065,0.957644,83.070902,0.889777,160,1.209285,0.826935,0.991197
161,0.867972,0.647282,0.795532,0.647282,0.795532,1.137946,0.971168,82.633689,0.879622,161,1.171730,0.853439,0.990111
162,0.852329,0.649624,0.813478,0.649624,0.813478,1.109284,0.978306,77.894903,0.885070,162,1.133882,0.881926,0.989692
163,0.815517,0.654669,0.825675,0.654669,0.825675,1.036427,1.001854,65.887001,0.899005,163,1.034510,0.966642,0.990397
164,0.786907,0.661210,0.848197,0.661210,0.848197,1.025890,0.976636,169.742935,0.908593,164,1.050432,0.951989,0.991429
165,0.774260,0.666999,0.872436,0.666999,0.872436,1.039199,0.948633,160.074411,0.896761,165,1.095470,0.912850,0.990901
166,0.772442,0.672851,0.895819,0.672851,0.895819,1.032239,0.952787,154.896609,0.883765,166,1.083389,0.923029,0.989602
167,0.776617,0.674483,0.902558,0.674483,0.902558,1.033420,0.956842,145.565083,0.890590,167,1.080031,0.925899,0.989270
168,0.791868,0.676849,0.899670,0.676849,0.899670,1.036621,0.972619,121.981697,0.900279,168,1.065804,0.938259,0.991026
169,0.825782,0.681448,0.899318,0.681448,0.899318,1.082821,0.970999,95.204872,0.897182,169,1.115161,0.896731,0.990909
170,0.856283,0.687432,0.907503,0.687432,0.907503,1.136540,0.959274,84.647668,0.886215,170,1.184793,0.844030,0.990639
171,0.866425,0.693335,0.917253,0.693335,0.917253,1.142399,0.965658,83.293834,0.885945,171,1.183026,0.845290,0.991053
172,0.870502,0.695998,0.923796,0.695998,0.923796,1.139639,0.972552,82.640446,0.892815,172,1.171802,0.853386,0.990652
173,0.855030,0.698462,0.912081,0.698462,0.912081,1.114081,0.977181,78.482710,0.895544,173,1.140098,0.877118,0.991006
174,0.837472,0.701365,0.894591,0.701365,0.894591,1.084883,0.982873,76.907091,0.895586,174,1.103788,0.905971,0.991020
175,0.797123,0.705070,0.878458,0.705070,0.878458,1.013705,1.001207,166.853760,0.899576,175,1.012484,0.987670,0.990948
176,0.778287,0.710723,0.865280,0.710723,0.865280,1.027722,0.964216,164.054033,0.899839,176,1.065862,0.938207,0.991025
177,0.769373,0.715445,0.860738,0.715445,0.860738,1.032667,0.948608,160.175438,0.894409,177,1.088613,0.918600,0.989936
178,0.777035,0.716319,0.847515,0.716319,0.847515,1.030261,0.960292,153.479180,0.892902,178,1.072862,0.932086,0.990143
179,0.788430,0.718218,0.816138,0.718218,0.816138,1.035137,0.969785,141.236776,0.897937,179,1.067388,0.936866,0.991094
180,0.820846,0.721107,0.780975,0.721107,0.780975,1.060373,0.985628,100.691366,0.900495,180,1.075835,0.929511,0.990620
181,0.851470,0.725076,0.745539,0.725076,0.745539,1.111826,0.975085,86.220285,0.887856,181,1.140235,0.877012,0.990770
182,0.882388,0.729315,0.718962,0.729315,0.718962,1.164944,0.964416,84.833395,0.834130,182,1.207927,0.827865,0.986140
183,0.887913,0.732610,0.688475,0.732610,0.688475,1.169101,0.967005,84.236213,0.773976,183,1.208991,0.827136,0.984346
184,0.883444,0.733779,0.648811,0.733779,0.648811,1.170700,0.960823,82.143605,0.840799,184,1.218434,0.820726,0.983931
185,0.883886,0.736658,0.590524,0.736684,0.590957,1.184523,0.950086,84.718117,0.619796,185,1.246755,0.802083,0.958624
186,0.867776,0.740590,0.521050,0.740580,0.521096,1.151780,0.959286,88.923690,0.612609,186,1.200663,0.832873,0.951799
187,0.847663,0.744581,0.456472,0.744581,0.456612,1.103300,0.978227,95.837587,0.676542,187,1.127857,0.886637,0.970192
188,0.830915,0.750264,0.407134,0.750193,0.407564,1.066478,0.992007,115.809968,0.650052,188,1.075071,0.930171,0.959477
189,0.820428,0.754315,0.365423,0.754315,0.365423,1.063333,0.982385,149.509118,0.720225,189,1.082399,0.923873,0.969641
190,0.790321,0.758512,0.316517,0.758476,0.316337,1.110364,0.906250,169.164474,0.670880,190,1.225229,0.816174,0.968477
191,0.732438,0.762264,0.268324,0.762280,0.268395,1.197478,0.778778,176.286686,0.636032,191,1.537638,0.650348,0.966524
192,0.718784,0.768189,0.254930,0.768200,0.254953,1.255213,0.729106,178.867391,0.607467,192,1.721577,0.580863,0.968146
193,0.732683,0.772444,0.262935,0.772592,0.263067,1.249778,0.746438,179.852380,0.556427,193,1.674323,0.597256,0.964395
194,0.764486,0.775188,0.279744,0.775142,0.279834,1.192281,0.816396,177.478246,0.582442,194,1.460421,0.684734,0.958126
195,0.821411,0.781215,0.329257,0.781196,0.329316,1.123814,0.930628,173.783602,0.590955,195,1.207588,0.828097,0.963808
196,0.854883,0.782251,0.375603,0.782212,0.375852,1.086594,1.001727,145.853354,0.652433,196,1.084721,0.921896,0.965912
197,0.864436,0.790122,0.410701,0.790073,0.410811,1.114770,0.987320,119.641276,0.684667,197,1.129087,0.885672,0.970111
198,0.873375,0.792408,0.464314,0.792422,0.464581,1.155059,0.962735,106.313177,0.591432,198,1.199768,0.833494,0.950680
199,0.864117,0.796018,0.529784,0.796026,0.530281,1.166893,0.942869,100.381806,0.537073,199,1.237598,0.808017,0.945785
200,0.862791,0.800653,0.581604,0.800666,0.582078,1.174432,0.935379,95.509756,0.560874,200,1.255567,0.796453,0.944613
201,0.856504,0.801155,0.635015,0.801155,0.635015,1.153545,0.945376,89.418874,0.848919,201,1.220197,0.819540,0.985323
202,0.864068,0.805345,0.675633,0.805345,0.675633,1.156513,0.951278,85.895106,0.843420,202,1.215747,0.822540,0.987192
203,0.873793,0.811902,0.707949,0.811902,0.707949,1.156750,0.961787,82.447657,0.821756,203,1.202709,0.831456,0.984737
204,0.863478,0.816318,0.737712,0.816318,0.737712,1.118882,0.982601,79.944534,0.889930,204,1.138693,0.878200,0.990060
205,0.846533,0.820993,0.772024,0.820993,0.772024,1.073700,1.003856,75.831640,0.893864,205,1.069576,0.934950,0.990717
206,0.822933,0.825099,0.787207,0.825099,0.787207,1.029604,1.017665,15.504684,0.902519,206,1.011732,0.988404,0.990922
207,0.804613,0.829364,0.802875,0.829364,0.802875,1.038856,0.986148,167.971447,0.899959,207,1.053449,0.949263,0.990388
208,0.788061,0.834375,0.815805,0.834375,0.815805,1.047072,0.958283,162.053194,0.894545,208,1.092654,0.915202,0.990081
209,0.781897,0.837951,0.821990,0.837951,0.821990,1.039894,0.957350,156.766711,0.897296,209,1.086222,0.920623,0.990450
210,0.792261,0.842023,0.838128,0.842023,0.838128,1.036486,0.973229,135.649088,0.896450,210,1.064997,0.938970,0.990406
211,0.813208,0.845157,0.841992,0.845157,0.841992,1.058749,0.977955,104.481248,0.899551,211,1.082615,0.923689,0.990829
212,0.828508,0.846739,0.841136,0.846739,0.841136,1.086194,0.971179,92.468554,0.897821,212,1.118428,0.894112,0.991128
213,0.850266,0.848841,0.842756,0.848841,0.842756,1.121113,0.965641,85.469679,0.892669,213,1.161004,0.861323,0.990956
214,0.866032,0.851990,0.830791,0.851990,0.830791,1.138690,0.968364,82.048905,0.891080,214,1.175891,0.850419,0.991175
215,0.868243,0.855262,0.826321,0.855262,0.826321,1.131645,0.976879,79.816351,0.896329,215,1.158429,0.863238,0.991002
216,0.853017,0.857100,0.821344,0.857100,0.821344,1.092712,0.993944,77.178954,0.901967,216,1.099369,0.909613,0.991239
217,0.831578,0.858315,0.804945,0.858315,0.804945,1.048401,1.009917,70.682320,0.896448,217,1.038106,0.963292,0.990827
218,0.811809,0.860622,0.790224,0.860622,0.790224,1.023907,1.009493,165.296855,0.889316,218,1.014279,0.985922,0.990071
219,0.790468,0.863997,0.763348,0.863997,0.763348,1.033904,0.973451,163.025531,0.902647,219,1.062101,0.941530,0.990644
220,0.779687,0.865901,0.735425,0.865901,0.735425,1.036707,0.957578,159.817021,0.897908,220,1.082635,0.923673,0.991057
221,0.787840,0.867636,0.714372,0.867636,0.714372,1.031341,0.972626,145.377818,0.897424,221,1.060368,0.943069,0.990185
222,0.805399,0.867711,0.680535,0.867692,0.680308,1.041910,0.984217,115.124965,0.882295,222,1.058618,0.944627,0.989605
223,0.828459,0.867396,0.647381,0.867396,0.647381,1.076950,0.979457,94.017506,0.851248,223,1.099538,0.909473,0.987457
224,0.857683,0.867836,0.604615,0.867836,0.604615,1.126947,0.969021,87.158726,0.861972,224,1.162974,0.859864,0.986470
225,0.902476,0.871130,0.538955,0.871164,0.539107,1.203685,0.954625,86.702985,0.748461,225,1.260898,0.793085,0.969759
226,0.923129,0.876466,0.488587,0.876327,0.488912,1.212755,0.969169,89.350235,0.650701,226,1.251335,0.799147,0.946923
227,0.905693,0.875496,0.449663,0.875511,0.449832,1.160126,0.993999,88.332900,0.672538,227,1.167130,0.856802,0.970373
228,0.863405,0.876757,0.407767,0.876775,0.407848,1.072077,1.025412,93.439944,0.699300,228,1.045509,0.956472,0.965906
229,0.829883,0.877873,0.364480,0.877859,0.364548,1.066376,0.990871,165.250468,0.669934,229,1.076201,0.929195,0.964949
230,0.747958,0.881298,0.304224,0.881279,0.304250,1.141272,0.834446,174.589031,0.679466,230,1.367700,0.731155,0.972151
231,0.722639,0.882320,0.273883,0.882332,0.273908,1.186657,0.775365,174.789637,0.606218,231,1.530449,0.653403,0.969395
232,0.709550,0.885741,0.265935,0.885696,0.266054,1.198362,0.753885,175.384738,0.629300,232,1.589582,0.629096,0.962683
233,0.730522,0.888720,0.272308,0.888706,0.272333,1.158804,0.802663,177.041412,0.593760,233,1.443699,0.692665,0.971045
